pdb_id,H_chain,L_chain,antigen_chain,epitope_area,num_hydrogen_bonds,num_salt_bridges,checkpoint,structure_id,epitope_sequence,binding_score
5ggr,A,B,Y,934.0193481445312,28,0,pd1,5ggrID1,,0.07122489005968233
7cgw,H,L,P,1545.6065673828125,29,2,pd1,7cgwID1,,0.4187694429007024
5ggs,A,B,Z,1961.4351806640625,37,0,pd1,5ggsID1,,0.2213067878766197
5jxe,D,C,B,1262.868408203125,17,0,pd1,5jxeID1,,0.09230944937421616
5xxy,H,L,A,2262.729736328125,188,0,pdl1,5xxy,AFDAALIYWEMEDKNIQVHVYRMISYGGADYR,0.5533980582524272
5b8c,H,G,I,1523.636962890625,23,0,pd1,5b8cID1,,0.1376167250909524
7cgw,A,B,C,1652.1934814453125,27,2,pd1,7cgwID2,,0.4187694429007024
5x8l,G,L,B,1699.88134765625,26,0,pdl1,5x8lID1,,0.16618942025114447
7bxa,B,C,A,1424.011962890625,24,0,pd1,7bxaID1,,0.12670010584247843
5x8m,B,C,A,1354.1551513671875,19,2,pdl1,5x8m,FTVDYEMEDVYRMADYKRT,0.37464177860959397
5x8l,H,M,C,1834.608642578125,33,0,pdl1,5x8lID2,,0.16618942025114447
5ggs,C,D,Y,1861.3218994140625,31,1,pd1,5ggsID2,,0.2213067878766197
5xj4,H,L,A,1482.2015380859375,26,0,pdl1,5xj4,MFTVVDYEMEDVYRMADYKRIT,0.13809399399223837
5wt9,H,L,G,1204.9268798828125,33,1,pd1,5wt9,LDSPDRPTSESISLAPKAQ,0.24923236570116808
5x8l,S,N,D,1733.7470703125,24,1,pdl1,5x8lID3,,0.16618942025114447
7bxa,H,L,P,1238.410400390625,24,0,pd1,7bxaID2,,0.12670010584247843
5x8l,F,K,A,1901.947021484375,25,0,pdl1,5x8lID4,,0.16618942025114447
5jxe,G,F,A,1245.5316162109375,19,0,pd1,5jxeID2,,0.09230944937421616
5b8c,E,D,F,1769.80712890625,27,0,pd1,5b8cID2,,0.1376167250909524
5ggr,H,L,Z,1006.0888061523438,31,0,pd1,5ggrID2,,0.07122489005968233
5x8l,J,O,E,1705.8287353515625,29,0,pdl1,5x8lID5,,0.16618942025114447
5b8c,K,J,L,1594.13720703125,29,0,pd1,5b8cID3,,0.1376167250909524
5b8c,B,A,C,1872.0299072265625,32,0,pd1,5b8cID4,,0.1376167250909524
