pdb_id,H_chain,L_chain,antigen_chain,epitope_area,num_hydrogen_bonds,num_salt_bridges,checkpoint,structure_id,epitope_sequence,binding_score
5ggr,A,B,Y,934.0193481445312,28,0,pd1,5ggr_ID_1,PDRSAPKA,0.1077763360214019
7cgw,H,L,P,1545.6065673828125,29,2,pd1,7cgw_ID_1,NTDKDRP,0.3570837069963356
5ggs,A,B,Z,1961.4351806640625,37,0,pd1,5ggs_ID_1,SFNTKDSLKA,0.2567109621227872
5jxe,D,C,B,1262.868408203125,17,0,pd1,5jxe_ID_1,NDKPDRSP,0.013538458567067
5xxy,H,L,A,2262.729736328125,188,0,pdl1,5xxy,DAIYEMEDKNQHVRMGAYR,0.6
5b8c,H,G,I,1523.636962890625,23,0,pd1,5b8c_ID_1,SESFNKPDSLP,0.1154945370312791
7cgw,A,B,C,1652.1934814453125,27,2,pd1,7cgw_ID_2,NQTKDRPA,0.3570837069963356
5x8l,G,L,B,1699.88134765625,26,0,pdl1,5x8l_ID_1,EDYEDQVGGAYR,0.1247793724643012
7bxa,B,C,A,1424.011962890625,24,0,pd1,7bxa_ID_1,VNSNQDKLDSI,0.0969997848263331
5x8m,B,C,A,1354.1551513671875,19,2,pdl1,5x8m,DVRYKR,0.2060493236358658
5x8l,H,M,C,1834.608642578125,33,0,pdl1,5x8l_ID_2,EDENVRMGAYR,0.1247793724643012
5ggs,C,D,Y,1861.3218994140625,31,1,pd1,5ggs_ID_2,SFNTKDRSLK,0.2567109621227872
5xj4,H,L,A,1482.2015380859375,26,0,pdl1,5xj4,DERR,0.0458776920816726
5wt9,H,L,G,1204.9268798828125,33,1,pd1,5wt9,LPDRAKA,0.2298366193937833
5x8l,S,N,D,1733.7470703125,24,1,pdl1,5x8l_ID_3,DYEMDNQHVRGAYR,0.1247793724643012
7bxa,H,L,P,1238.410400390625,24,0,pd1,7bxa_ID_2,NSNQDKLD,0.0969997848263331
5x8l,F,K,A,1901.947021484375,25,0,pdl1,5x8l_ID_4,DYEDNVRGAYR,0.1247793724643012
5jxe,G,F,A,1245.5316162109375,19,0,pd1,5jxe_ID_2,KDS,0.013538458567067
5b8c,E,D,F,1769.80712890625,27,0,pd1,5b8c_ID_2,SEFVNYTKPDRSLP,0.1154945370312791
5ggr,H,L,Z,1006.0888061523438,31,0,pd1,5ggr_ID_2,PDRAPKA,0.1077763360214019
5x8l,J,O,E,1705.8287353515625,29,0,pdl1,5x8l_ID_5,DEKNQVRMA,0.1247793724643012
5b8c,K,J,L,1594.13720703125,29,0,pd1,5b8c_ID_3,FNTKPDSLKI,0.1154945370312791
5b8c,B,A,C,1872.0299072265625,32,0,pd1,5b8c_ID_4,FNQTKPDRSLK,0.1154945370312791
