pdb_id,H_chain,L_chain,antigen_chain,epitope_area,num_hydrogen_bonds,num_salt_bridges,folder
5tru,h,l,c,1561.2684326171875,17,0,ctla4
7su0,H,L,C,1579.147216796875,15,1,ctla4
7su1,H,L,C,1172.1873779296875,14,2,ctla4
9dq4,H,L,A,2228.665771484375,212,3,ctla4
9dq3,H,L,C,1538.33642578125,22,2,ctla4
6rp8,H,L,C,1499.74560546875,20,0,ctla4
5xj3,G,H,I,1317.3883056640625,13,0,ctla4
5xj3,A,B,C,1485.8072509765625,16,0,ctla4
5ggv,H,L,Y,2085.559814453125,40,1,ctla4
8gy5,H,L,P,1210.948486328125,19,1,pd1
5b8c,K,J,L,1594.13720703125,29,0,pd1
7wvm,A,B,E,1114.703125,16,1,pd1
5jxe,G,F,A,1245.5316162109375,19,0,pd1
6xkr,H,L,P,1621.897705078125,20,1,pd1
6k0y,A,B,C,1337.128662109375,28,2,pd1
7cu5,B,B,E,713.155029296875,8,0,pd1
7wsl,H,L,D,1546.5003662109375,34,0,pd1
5ggr,A,B,Y,934.0193481445312,28,0,pd1
5wt9,H,L,G,1204.9268798828125,33,1,pd1
5ggs,C,D,Y,1861.3218994140625,31,1,pd1
7bxa,B,C,A,1424.011962890625,24,0,pd1
7cgw,A,B,C,1652.1934814453125,27,2,pd1
8tui,H,L,A,1685.6207275390625,21,0,kir
6txz,J,N,C,1528.4931640625,23,0,tim3
5grj,H,L,A,1368.144287109375,38,2,pdl1
5xxy,H,L,A,2262.729736328125,188,0,pdl1
5x8l,F,K,A,1901.947021484375,25,0,pdl1
5x8m,B,C,A,1354.1551513671875,19,2,pdl1
5xj4,H,L,A,1482.2015380859375,26,0,pdl1
