pdb_id,H_chain,L_chain,antigen_chain,epitope_area,num_hydrogen_bonds,num_salt_bridges,folder
5tru,H,L,C,1444.2833251953125,21,0,ctla4
7su0,I,M,D,1668.169677734375,16,1,ctla4
7su1,H,L,C,1172.1873779296875,14,2,ctla4
9dq4,H,L,A,2228.665771484375,212,3,ctla4
9dq3,H,L,C,1538.33642578125,22,2,ctla4
6rp8,h,l,c,1457.118896484375,15,0,ctla4
5xj3,D,E,F,1529.390869140625,20,0,ctla4
5ggv,H,L,Y,2085.559814453125,40,1,ctla4
8gy5,A,B,Q,1015.8248901367188,16,0,pd1
5b8c,E,D,F,1769.80712890625,27,0,pd1
7wvm,C,D,F,1084.1207275390625,17,0,pd1
5jxe,D,C,B,1262.868408203125,17,0,pd1
6xkr,H,L,P,1621.897705078125,20,1,pd1
6k0y,A,B,C,1337.128662109375,28,2,pd1
7cu5,B,B,E,713.155029296875,8,0,pd1
7wsl,H,L,D,1546.5003662109375,34,0,pd1
5ggr,H,L,Z,1006.0888061523438,31,0,pd1
5wt9,H,L,G,1204.9268798828125,33,1,pd1
5ggs,A,B,Z,1961.4351806640625,37,0,pd1
7bxa,H,L,P,1238.410400390625,24,0,pd1
7cgw,H,L,P,1545.6065673828125,29,2,pd1
8tui,H,L,A,1685.6207275390625,21,0,kir
6txz,J,N,C,1528.4931640625,23,0,tim3
5grj,H,L,A,1368.144287109375,38,2,pdl1
5xxy,H,L,A,2262.729736328125,188,0,pdl1
5x8l,S,N,D,1733.7470703125,24,1,pdl1
5x8m,B,C,A,1354.1551513671875,19,2,pdl1
5xj4,H,L,A,1482.2015380859375,26,0,pdl1
