num_hydrogen_bonds,num_salt_bridges,paratope_area,pdb_id,binding_score,pdb_base,checkpoint
0.1116504854368932,0.0,0.7695304260607267,5b8c,0.1985662793869026,5b8c,PD-1
0.0970873786407767,0.0,0.4829860947081117,5x8l,0.135432170397933,5x8l,PD-L1
0.0970873786407767,0.0,0.4202640014176177,5xj4,0.1228877517398342,5xj4,PD-L1
0.087378640776699,0.0,0.3417696741811175,7bxa,0.1033053911469031,7bxa,PD-1
0.0533980582524271,0.0,0.5133632205119252,5jxe,0.1240318674033559,5jxe,PD-1
0.1116504854368932,0.6666666666666666,0.540376414204323,7cgw,0.4194021436822885,7cgw,PD-1
0.1116504854368932,0.0,0.5797774985862691,5x8l,0.1606156938920111,5x8l,PD-L1
0.1504854368932038,0.0,1.0,5ggs,0.2601941747572815,5ggs,PD-1
0.1262135922330097,0.0,0.8975100595650631,5b8c,0.2299874488062165,5b8c,PD-1
0.0922330097087378,0.0,0.6217418560228924,5x8l,0.1612415750880736,5x8l,PD-L1
0.1310679611650485,0.3333333333333333,0.6419255284224199,5wt9,0.3141456234838368,5wt9,PD-1
0.1019417475728155,0.6666666666666666,0.5727575795810413,7cgw,0.4219948816120011,7cgw,PD-1
0.0825242718446601,0.0,0.8307670504320723,5b8c,0.1991631188242785,5b8c,PD-1
0.087378640776699,0.3333333333333333,0.5561184300879414,5x8l,0.2795084756616012,5x8l,PD-L1
0.1213592233009708,0.0,0.4791702470884718,5ggr,0.1443777387380827,5ggr,PD-1
0.0631067961165048,0.0,0.5041393762282316,5jxe,0.1260705936922482,5jxe,PD-1
0.1019417475728155,0.0,0.7883723845977977,5b8c,0.1984511759486857,5b8c,PD-1
0.8834951456310679,0.0,0.8264516081450834,5xxy,0.5186883798814439,5xxy,PD-L1
0.087378640776699,0.0,0.3315271861901063,7bxa,0.1012568935487008,7bxa,PD-1
0.1213592233009708,0.3333333333333333,0.8922935768478615,5ggs,0.360335738023294,5ggs,PD-1
0.1067961165048543,0.0,0.3099117038582047,5ggr,0.1047007873735827,5ggr,PD-1
0.1310679611650485,0.0,0.6116054900398995,5x8l,0.1747482824739993,5x8l,PD-L1
0.0631067961165048,0.6666666666666666,0.3567997716503148,5x8m,0.3632693394433315,5x8m,PD-L1
