pdb_id,H_chain,L_chain,antigen_chain,paratope_area,num_hydrogen_bonds,num_salt_bridges,checkpoint,structure_id,paratope_sequence,binding_score
7bxa,H,L,P,1300.9512939453125,24,0,pd1,7bxaID1,,0.1033053911469031
5ggs,C,D,Y,2143.81787109375,31,1,pd1,5ggsID1,,0.360335738023294
5ggr,H,L,Z,1511.315185546875,31,0,pd1,5ggrID1,,0.1443777387380827
5jxe,G,F,A,1549.5435791015625,19,0,pd1,5jxeID1,,0.12607059369224827
7cgw,A,B,C,1654.599853515625,27,2,pd1,7cgwID1,,0.42199488161200116
5x8l,G,L,B,1517.1573486328125,26,0,pdl1,5x8lID1,,0.13543217039793304
5ggr,A,B,Y,1252.1759033203125,28,0,pd1,5ggrID2,,0.1443777387380827
5wt9,H,L,G,1760.497802734375,33,1,pd1,5wt9,ITSNSGHVIWYKTNDDYYAYLYDRATWR,0.3141456234838368
7cgw,H,L,P,1605.0234375,29,2,pd1,7cgwID2,,0.42199488161200116
5jxe,D,C,B,1563.66552734375,17,0,pd1,5jxeID2,,0.12607059369224827
5ggs,A,B,Z,2308.71923828125,37,0,pd1,5ggsID2,,0.360335738023294
5x8l,H,M,C,1714.0770263671875,33,0,pdl1,5x8lID2,,0.13543217039793304
5b8c,E,D,F,1984.7117919921875,27,0,pd1,5b8cID1,,0.19845117594868578
5b8c,B,A,C,2151.804443359375,32,0,pd1,5b8cID2,,0.19845117594868578
5xj4,H,L,A,1421.128173828125,26,0,pdl1,5xj4,WNKEYDKEWFGERVSSYYGSLW,0.12288775173983424
5x8l,J,O,E,1665.3475341796875,29,0,pdl1,5x8lID3,,0.13543217039793304
5x8l,S,N,D,1629.1248779296875,24,1,pdl1,5x8lID4,,0.13543217039793304
5b8c,H,G,I,2049.619140625,23,0,pd1,5b8cID3,,0.19845117594868578
7bxa,B,C,A,1285.269775390625,24,0,pd1,7bxaID2,,0.1033053911469031
5b8c,K,J,L,1955.8642578125,29,0,pd1,5b8cID4,,0.19845117594868578
5xxy,H,L,A,2043.0120849609373,188,0,pdl1,5xxy,TSDSWWSPYGGSTYTRHWPGSAYYLYHP,0.5186883798814439
5x8l,F,K,A,1729.5960693359375,25,0,pdl1,5x8lID5,,0.13543217039793304
5x8m,B,C,A,1323.9627685546875,19,2,pdl1,5x8m,WNKSEYEWFGERVSSSYYGSLW,0.36326933944333156
