residue_name,5ggv,5tru,5xj3,6rp8,6xy2,7dv4,7elx,7su0,7su1,9dq3,9dq4,9dq5,mean
ALA,1,0,0,0,0,0,0,0,0,0,0,0,0.08333333333333333
ARG,1,0,0,0,0,1,0,0,0,1,1,0,0.3333333333333333
ASN,2,2,1,2,4,1,1,1,1,0,0,4,1.5833333333333333
ASP,0,0,1,0,1,1,0,1,0,0,0,2,0.5
FLC,0,0,0,0,0,0,0,1,0,0,0,0,0.08333333333333333
GLN,1,0,1,0,0,0,0,0,0,1,1,0,0.3333333333333333
GLU,0,0,0,0,0,0,0,2,2,0,0,0,0.3333333333333333
GLY,1,4,3,3,2,2,3,4,3,4,4,3,3.0
HIS,0,0,0,0,1,1,0,2,3,1,1,1,0.8333333333333334
ILE,1,0,0,0,0,0,0,0,0,0,0,0,0.08333333333333333
LEU,1,1,1,1,1,0,1,1,1,1,1,0,0.8333333333333334
LYS,0,0,0,0,0,2,0,0,0,1,2,0,0.4166666666666667
PHE,1,1,1,1,0,1,1,1,1,0,0,0,0.6666666666666666
PRO,0,0,0,0,0,1,0,0,0,0,2,0,0.25
SER,2,6,5,5,2,5,5,3,2,2,2,3,3.5
THR,2,0,1,1,1,1,1,2,0,0,1,1,0.9166666666666666
TRP,1,2,2,2,2,0,2,2,2,3,3,1,1.8333333333333333
TYR,9,5,5,5,8,2,5,4,3,4,3,7,5.0
VAL,0,0,0,0,0,1,0,0,1,2,2,2,0.6666666666666666
