residue_name,5ggv,5tru,5xj3,6rp8,6xy2,7dv4,7elx,7su0,7su1,9dq3,9dq4,9dq5,mean
ALA,1,1,0,0,1,1,0,1,1,0,0,1,0.5833333333333334
ARG,1,1,1,1,0,1,1,1,1,1,1,0,0.8333333333333334
ASN,1,0,0,0,0,1,0,0,0,0,0,1,0.25
ASP,0,0,0,0,0,1,0,0,0,0,0,1,0.16666666666666666
CYS,0,0,0,0,0,1,0,0,0,0,0,0,0.08333333333333333
GLN,2,1,0,1,0,0,1,2,0,1,2,1,0.9166666666666666
GLU,2,3,3,3,0,3,3,3,2,3,3,3,2.5833333333333335
GLY,2,1,1,1,1,0,1,1,0,1,1,0,0.8333333333333334
HIS,0,1,0,1,1,0,0,1,0,1,0,1,0.5
ILE,2,2,2,2,1,0,2,2,1,2,1,1,1.5
LEU,4,3,2,2,2,1,3,3,3,3,3,0,2.4166666666666665
LYS,2,1,2,1,1,0,1,1,1,1,1,1,1.0833333333333333
MET,2,2,2,2,1,2,2,2,2,2,3,0,1.8333333333333333
PHE,0,0,0,0,0,0,0,0,0,0,1,1,0.16666666666666666
PRO,3,3,3,3,4,0,3,3,1,2,3,4,2.6666666666666665
SER,1,1,1,1,1,0,1,1,0,0,0,1,0.6666666666666666
THR,0,0,3,1,0,2,2,2,2,1,4,1,1.5
TYR,3,3,3,3,3,3,3,3,3,3,3,2,2.9166666666666665
VAL,1,1,1,1,0,1,1,1,1,1,2,0,0.9166666666666666
