residue_name,5ggv,5tru,5xj3,6rp8,6xy2,7dv4,7elx,7su0,7su1,9dq3,9dq4,9dq5,mean
ALA,2,1,0,0,1,1,1,1,1,0,0,1,0.75
ARG,2,1,1,1,0,2,1,1,1,2,2,0,1.1666666666666667
ASN,3,2,1,2,4,2,1,1,1,1,1,5,2.0
ASP,2,0,1,0,1,2,0,1,0,1,1,3,1.0
CYS,0,0,0,0,0,1,0,0,0,0,0,0,0.08333333333333333
FLC,0,0,0,0,0,0,0,1,0,0,0,0,0.08333333333333333
GLN,3,1,1,1,0,0,1,2,0,2,3,1,1.25
GLU,3,3,3,3,0,3,3,5,4,3,3,3,3.0
GLY,4,5,4,4,3,3,5,5,3,5,5,3,4.083333333333333
HIS,0,1,0,1,2,1,1,3,3,2,2,2,1.5
HOH,55,0,0,1,0,2,30,1,2,32,40,0,13.583333333333334
ILE,3,2,2,2,1,0,2,2,1,2,1,1,1.5833333333333333
LEU,5,4,3,3,3,1,4,4,4,4,4,0,3.25
LYS,2,1,2,1,1,2,2,1,1,2,3,1,1.5833333333333333
MET,2,2,2,2,1,2,2,2,2,2,3,0,1.8333333333333333
PHE,1,1,1,1,0,1,1,1,1,0,2,1,0.9166666666666666
PRO,4,3,3,3,4,1,3,3,2,3,6,4,3.25
SER,5,7,6,6,3,5,7,4,2,3,4,4,4.666666666666667
THR,4,0,4,2,1,3,4,5,2,2,5,2,2.8333333333333335
TRP,1,2,2,2,2,0,2,2,2,3,3,1,1.8333333333333333
TYR,12,8,8,8,11,5,8,7,6,8,7,9,8.083333333333334
VAL,1,1,1,1,0,2,3,1,2,3,4,2,1.75
