pdb_id,H_chain,L_chain,antigen_chain,paratope_area,buried_surface_area,num_hydrogen_bonds,num_salt_bridges,checkpoint,structure_id,paratope_sequence,binding_score
5ggr,A,B,Y,1252.1759033203125,44.01171875,28,0,pd1,5ggrID1,,0.1569397464302899
7cgw,H,L,P,1605.0234375,41.7451171875,29,2,pd1,7cgwID1,,0.35738316233224376
5ggs,A,B,Z,2308.71923828125,42.1474609375,37,0,pd1,5ggsID1,,0.18316544830873732
5jxe,D,C,B,1563.66552734375,34.076171875,17,0,pd1,5jxeID1,,0.012631578947368423
5xxy,H,L,A,2043.0120849609375,-40.3349609375,188,0,pdl1,5xxy,SDWWSYGSTYYLYHRW,0.5768421052631578
5b8c,H,G,I,2049.619140625,6.833984375,23,0,pd1,5b8cID1,,0.19182757003079762
7cgw,A,B,C,1654.599853515625,41.712890625,27,2,pd1,7cgwID2,,0.35738316233224376
5x8l,G,L,B,1517.1573486328125,46.0517578125,26,0,pdl1,5x8lID1,,0.13587560339954446
7bxa,B,C,A,1285.269775390625,40.7021484375,24,0,pd1,7bxaID1,,0.10729765743134331
5x8m,B,C,A,1323.9627685546875,47.1982421875,19,2,pdl1,5x8m,RSEYYSF,0.20366066826177406
5x8l,H,M,C,1714.0770263671875,45.7861328125,33,0,pdl1,5x8lID2,,0.13587560339954446
5ggs,C,D,Y,2143.81787109375,42.2919921875,31,1,pd1,5ggsID2,,0.18316544830873732
5xj4,H,L,A,1421.128173828125,47.998046875,26,0,pdl1,5xj4,SEYWF,0.048570680353824364
5wt9,H,L,G,1760.497802734375,41.28125,33,1,pd1,5wt9,SNGYYTKND,0.09932318893945805
5x8l,S,N,D,1629.1248779296875,45.884765625,24,1,pdl1,5x8lID3,,0.13587560339954446
7bxa,H,L,P,1300.9512939453125,41.2998046875,24,0,pd1,7bxaID2,,0.10729765743134331
5x8l,F,K,A,1729.5960693359375,44.26953125,25,0,pdl1,5x8lID4,,0.13587560339954446
5jxe,G,F,A,1549.5435791015625,34.498046875,19,0,pd1,5jxeID2,,0.012631578947368423
5b8c,E,D,F,1984.7117919921875,8.2666015625,27,0,pd1,5b8cID2,,0.19182757003079762
5ggr,H,L,Z,1511.315185546875,43.8193359375,31,0,pd1,5ggrID2,,0.1569397464302899
5x8l,J,O,E,1665.3475341796875,44.9443359375,29,0,pdl1,5x8lID5,,0.13587560339954446
5b8c,K,J,L,1955.8642578125,8.625,29,0,pd1,5b8cID3,,0.19182757003079762
5b8c,B,A,C,2151.804443359375,9.1240234375,32,0,pd1,5b8cID4,,0.19182757003079762
