residue_name,5b8c,5ggr,5ggs,5jxe,5wt9,6jjp,6k0y,6xkr,7bxa,7cgw,7cu5,7e9b,7wsl,7wvm,8as0,8gy5,8u31,8u32,mean
ALA,3,3,3,0,4,2,3,2,3,4,2,4,4,2,0,2,3,3,2.611111111111111
ARG,4,2,4,4,3,2,3,2,2,2,0,2,1,2,2,1,1,1,2.111111111111111
ASN,5,3,4,5,2,0,2,3,5,5,2,3,1,4,2,4,6,5,3.388888888888889
ASP,4,3,6,4,5,3,3,3,4,5,0,2,3,3,2,1,4,4,3.2777777777777777
GLN,2,1,2,1,1,3,2,5,1,4,1,2,0,1,1,1,1,1,1.6666666666666667
GLU,4,1,2,1,1,3,1,1,1,1,2,2,2,2,1,2,1,1,1.6111111111111112
GLY,4,1,3,4,1,3,2,5,1,3,3,5,5,4,4,4,6,6,3.555555555555556
HIS,0,0,0,0,1,1,1,0,1,1,0,2,1,0,1,0,0,0,0.5
ILE,3,3,3,3,3,2,5,3,2,2,1,3,2,3,1,3,2,2,2.555555555555556
LEU,5,3,7,3,3,1,3,3,1,2,2,1,1,1,2,1,2,2,2.388888888888889
LYS,2,1,2,1,2,2,2,3,1,2,1,2,2,3,3,2,3,3,2.055555555555556
MET,1,0,1,1,0,0,0,0,0,0,1,0,0,0,2,0,0,1,0.3888888888888889
PHE,3,0,4,3,0,3,2,3,3,3,1,4,3,5,1,4,0,0,2.3333333333333335
PRO,3,3,3,2,3,4,2,2,0,1,2,2,3,2,4,2,2,3,2.388888888888889
SER,7,5,6,6,6,9,7,11,5,7,4,7,10,5,6,5,3,4,6.277777777777778
THR,6,2,4,3,4,2,1,3,2,2,0,4,3,2,2,2,4,3,2.7222222222222223
TRP,0,1,0,0,2,2,0,2,0,1,0,2,2,1,1,1,2,2,1.0555555555555556
TYR,8,3,8,8,5,7,5,6,7,9,3,7,9,3,4,1,7,7,5.944444444444445
VAL,1,0,1,1,1,3,1,2,1,1,1,2,3,1,0,1,2,2,1.3333333333333333
