residue_name,5b8c,5ggr,5ggs,5jxe,5wt9,6jjp,6k0y,6xkr,7bxa,7cgw,7cu5,7e9b,7wsl,7wvm,8as0,8gy5,8u31,8u32,mean
ALA,3,2,3,0,2,2,2,2,2,3,1,3,3,2,0,2,2,2,2.0
ARG,1,1,1,1,1,1,1,0,1,1,0,1,1,1,2,0,1,1,0.8888888888888888
ASN,1,0,1,1,0,0,0,2,2,2,1,1,1,1,1,0,2,1,0.9444444444444444
ASP,2,1,2,2,2,1,1,2,2,3,0,1,1,1,0,0,0,0,1.1666666666666667
GLN,2,1,2,1,1,3,1,4,1,4,0,2,0,1,1,1,1,1,1.5
GLU,3,1,1,1,1,2,1,1,1,1,2,2,2,2,1,2,1,1,1.4444444444444444
GLY,1,0,1,1,0,0,0,1,0,1,0,0,0,0,0,0,0,0,0.2777777777777778
ILE,2,0,2,2,0,2,2,2,2,2,1,2,2,2,1,2,2,2,1.6666666666666667
LEU,1,1,1,1,2,1,1,2,1,2,1,1,1,1,1,1,1,1,1.1666666666666667
LYS,2,1,2,1,1,2,1,1,1,2,1,2,2,2,2,2,3,3,1.7222222222222223
MET,0,0,0,0,0,0,0,0,0,0,0,0,0,0,1,0,0,1,0.1111111111111111
NAG,0,0,0,0,0,0,0,0,0,1,0,0,0,0,0,0,0,0,0.05555555555555555
PHE,2,0,2,2,0,1,1,0,1,1,1,1,0,2,0,1,0,0,0.8333333333333334
PRO,3,3,2,2,3,3,2,2,0,1,2,2,2,2,3,2,1,2,2.0555555555555554
SER,3,3,2,3,3,3,2,3,3,2,2,4,3,2,1,2,1,1,2.388888888888889
THR,2,0,1,1,1,1,0,1,1,1,0,0,1,0,1,0,1,1,0.7222222222222222
TRP,0,0,0,0,0,0,0,0,0,0,0,0,0,0,1,0,1,1,0.16666666666666666
TYR,1,0,1,1,0,0,0,1,1,1,0,0,0,0,0,0,1,1,0.4444444444444444
VAL,1,0,1,1,0,1,1,1,1,1,1,1,1,1,0,1,1,1,0.8333333333333334
