residue_name,5b8c,5ggr,5ggs,5jxe,5wt9,6jjp,6k0y,6xkr,7bxa,7cgw,7cu5,7e9b,7wsl,7wvm,8as0,8gy5,8u31,8u32,mean
ALA,0,1,0,0,2,0,1,0,1,1,1,1,1,0,0,0,1,1,0.611111111111111
ARG,3,1,3,3,2,1,1,1,1,1,0,0,0,1,0,1,0,0,1.0555555555555556
ASN,4,3,3,4,2,0,0,1,3,3,1,2,0,3,1,3,4,4,2.2777777777777777
ASP,2,2,3,2,3,2,2,0,2,2,0,1,2,2,2,1,4,4,2.0
EDO,0,0,0,0,0,0,1,0,0,0,0,0,0,0,0,0,0,0,0.05555555555555556
GLN,0,0,0,0,0,0,1,1,0,0,1,0,0,0,0,0,0,0,0.16666666666666666
GLU,0,0,1,0,0,1,0,0,0,0,0,0,0,0,0,0,0,0,0.11111111111111112
GLY,3,1,2,3,1,3,1,4,1,2,3,3,3,4,4,4,6,6,3.0
HIS,0,0,0,0,1,1,1,0,1,1,0,2,1,0,1,0,0,0,0.5
ILE,1,3,1,1,1,0,1,1,0,0,0,1,0,1,0,1,0,0,0.6666666666666666
LEU,4,2,4,2,1,0,1,1,0,0,1,0,0,0,1,0,1,1,1.0555555555555556
LYS,0,0,0,0,1,0,0,1,0,0,0,0,0,1,1,0,0,0,0.22222222222222224
MET,1,0,1,1,0,0,0,0,0,0,1,0,0,0,1,0,0,0,0.2777777777777778
PHE,1,0,1,1,0,1,1,3,2,2,0,2,1,3,1,3,0,0,1.222222222222222
PRO,0,0,0,0,0,1,0,0,0,0,0,0,1,0,1,0,1,1,0.2777777777777778
SER,4,2,3,3,2,6,4,6,2,5,2,3,6,3,5,3,2,3,3.555555555555556
THR,3,2,2,2,2,1,1,2,1,1,0,3,1,2,1,1,3,2,1.6666666666666667
TRP,0,1,0,0,2,2,0,2,0,1,0,2,2,1,0,1,1,1,0.888888888888889
TYR,7,3,7,7,5,7,5,5,6,8,3,7,9,3,4,1,6,6,5.5
VAL,0,0,0,0,1,2,0,1,0,0,0,1,1,0,0,0,1,1,0.4444444444444445
